<?xml version="1.0" encoding="UTF-8" standalone="no"?>
<!--iDempiere(r) Release 13_2024-12-24 -Smart Suite ERP, CRM and SCM- (c) 1999-2025 iDempiere(r); Implementation: iDempiere - Supported by iDempiere community--><!--<!DOCTYPE idempiereTrl PUBLIC "-//ComPiere, Inc.//DTD iDempiere Translation 1.0//EN" "http://www.idempiere.com/dtd/idempiereTrl.dtd">--><idempiereTrl language="in_ID" table="AD_Chart">
 <row id="50000" trl="Y">
  <value column="Name" original="My Sales Pipeline">Jalur Penjualan Saya</value>
  <value column="Description" original=""/>
  <value column="DomainLabel" original="Sales Stage">Tahap Penjualan</value>
  <value column="RangeLabel" original="Value">Nilai</value>
 </row>
 <row id="50001" trl="Y">
  <value column="Name" original="My Opportunities by Campaign">Peluang Saya berdasarkan Kampanye</value>
  <value column="Description" original=""/>
  <value column="DomainLabel" original="Opportunity">Peluang</value>
  <value column="RangeLabel" original="Campaign">Kampanye</value>
 </row>
 <row id="50002" trl="Y">
  <value column="Name" original="Sales YTD">Penjualan Tahun Berjalan</value>
  <value column="Description" original=""/>
  <value column="DomainLabel" original="Month">Bulan</value>
  <value column="RangeLabel" original="Value">Nilai</value>
 </row>
 <row id="50003" trl="Y">
  <value column="Name" original="My Open Requests">Permintaan Terbuka Saya</value>
  <value column="Description" original=""/>
  <value column="DomainLabel" original=""/>
  <value column="RangeLabel" original=""/>
 </row>
</idempiereTrl>
