<?xml version="1.0" encoding="UTF-8" standalone="no"?>
<!--iDempiere(r) Release 13_2024-12-24 -Smart Suite ERP, CRM and SCM- (c) 1999-2025 iDempiere(r); Implementation: iDempiere - Supported by iDempiere community--><!--<!DOCTYPE idempiereTrl PUBLIC "-//ComPiere, Inc.//DTD iDempiere Translation 1.0//EN" "http://www.idempiere.com/dtd/idempiereTrl.dtd">--><idempiereTrl language="in_ID" table="AD_InfoColumn">
 <row id="200005" trl="Y">
  <value column="Name" original="Vendor">Vendor</value>
  <value column="Description" original="Current Vendor">Vendor Saat Ini</value>
  <value column="Help" original=""/>
  <value column="Placeholder" original=""/>
  <value column="Placeholder2" original=""/>
 </row>
 <row id="200006" trl="Y">
  <value column="Name" original="D">D</value>
  <value column="Description" original="This product is no longer available">Produk ini tidak tersedia lagi</value>
  <value column="Help" original="The Discontinued check box indicates a product that has been discontinued.">Kotak centang Dihentikan menunjukkan produk yang telah dihentikan.</value>
  <value column="Placeholder" original=""/>
  <value column="Placeholder2" original=""/>
 </row>
 <row id="200155" trl="Y">
  <value column="Name" original="Role Name">Nama Peran</value>
  <value column="Description" original=""/>
  <value column="Help" original=""/>
  <value column="Placeholder" original=""/>
  <value column="Placeholder2" original=""/>
 </row>
</idempiereTrl>
