<?xml version="1.0" encoding="UTF-8" standalone="no"?>
<!--iDempiere(r) Release 13_2024-12-24 -Smart Suite ERP, CRM and SCM- (c) 1999-2025 iDempiere(r); Implementation: iDempiere - Supported by iDempiere community--><!--<!DOCTYPE idempiereTrl PUBLIC "-//ComPiere, Inc.//DTD iDempiere Translation 1.0//EN" "http://www.idempiere.com/dtd/idempiereTrl.dtd">--><idempiereTrl language="in_ID" table="AD_PrintFormatItem">
 <row id="50477" trl="Y">
  <value column="Name" original="VendorProductNo">No Produk Vendor</value>
  <value column="PrintName" original="VendorProductNo">No Produk Vendor</value>
  <value column="PrintNameSuffix" original=""/>
 </row>
 <row id="50992" trl="Y">
  <value column="Name" original="Setup T">Pengaturan T</value>
  <value column="PrintName" original="Setup">Pengaturan</value>
  <value column="PrintNameSuffix" original=""/>
 </row>
 <row id="51001" trl="Y">
  <value column="Name" original="Cost T">Biaya T</value>
  <value column="PrintName" original="Cost T">Biaya T</value>
  <value column="PrintNameSuffix" original=""/>
 </row>
 <row id="51005" trl="Y">
  <value column="Name" original="Cost TL">Biaya TL</value>
  <value column="PrintName" original="Cost TL">Biaya TL</value>
  <value column="PrintNameSuffix" original=""/>
 </row>
 <row id="51006" trl="Y">
  <value column="Name" original="Cost LL">Biaya LL</value>
  <value column="PrintName" original="Cost LL">Biaya LL</value>
  <value column="PrintNameSuffix" original=""/>
 </row>
 <row id="51013" trl="Y">
  <value column="Name" original="Levels">Tingkatan</value>
  <value column="PrintName" original="Levels">Tingkatan</value>
  <value column="PrintNameSuffix" original=""/>
 </row>
 <row id="51018" trl="Y">
  <value column="Name" original="Parent">Induk</value>
  <value column="PrintName" original="Parent">Induk</value>
  <value column="PrintNameSuffix" original=""/>
 </row>
 <row id="51026" trl="Y">
  <value column="Name" original="Acct Schema">Skema Akun</value>
  <value column="PrintName" original=""/>
  <value column="PrintNameSuffix" original=""/>
 </row>
 <row id="51066" trl="Y">
  <value column="Name" original="F Cost">Biaya F</value>
  <value column="PrintName" original="F  Cost">Biaya F</value>
  <value column="PrintNameSuffix" original=""/>
 </row>
 <row id="51067" trl="Y">
  <value column="Name" original="F Cost LL">Biaya F LL</value>
  <value column="PrintName" original="F  Cost LL">Biaya F LL</value>
  <value column="PrintNameSuffix" original=""/>
 </row>
 <row id="51068" trl="Y">
  <value column="Name" original="S Cost">Biaya S</value>
  <value column="PrintName" original="S Cost">Biaya S</value>
  <value column="PrintNameSuffix" original=""/>
 </row>
 <row id="51069" trl="Y">
  <value column="Name" original="Frozen">Dibekukan</value>
  <value column="PrintName" original=""/>
  <value column="PrintNameSuffix" original=""/>
 </row>
 <row id="51074" trl="Y">
  <value column="Name" original="Description">Deskripsi</value>
  <value column="PrintName" original="Description">Deskripsi</value>
  <value column="PrintNameSuffix" original=""/>
 </row>
 <row id="51075" trl="Y">
  <value column="Name" original="Help">Bantuan</value>
  <value column="PrintName" original="Help">Bantuan</value>
  <value column="PrintNameSuffix" original=""/>
 </row>
 <row id="51076" trl="Y">
  <value column="Name" original="Help">Bantuan</value>
  <value column="PrintName" original="Help">Bantuan</value>
  <value column="PrintNameSuffix" original=""/>
 </row>
 <row id="51337" trl="Y">
  <value column="Name" original="PP_Order_Node_ID">ID Node Order PP</value>
  <value column="PrintName" original=""/>
  <value column="PrintNameSuffix" original=""/>
 </row>
 <row id="200010" trl="Y">
  <value column="Name" original="Standard Cost">Biaya Standar</value>
  <value column="PrintName" original=""/>
  <value column="PrintNameSuffix" original=""/>
 </row>
 <row id="200011" trl="Y">
  <value column="Name" original="Std Cost Amount Sum">Jumlah Biaya Standar</value>
  <value column="PrintName" original="Std Cost Amount Sum">Jumlah Biaya Standar</value>
  <value column="PrintNameSuffix" original=""/>
 </row>
 <row id="200067" trl="Y">
  <value column="Name" original="Report Title">Judul Laporan</value>
  <value column="PrintName" original="Single Level BOM">BOM Level Tunggal</value>
  <value column="PrintNameSuffix" original=""/>
 </row>
 <row id="200068" trl="Y">
  <value column="Name" original="Label Part Number">Label Nomor Bagian</value>
  <value column="PrintName" original="Part Number">Nomor Bagian</value>
  <value column="PrintNameSuffix" original=""/>
 </row>
 <row id="200069" trl="Y">
  <value column="Name" original="Label Product Name">Label Nama Produk</value>
  <value column="PrintName" original="Product Name">Nama Produk</value>
  <value column="PrintNameSuffix" original=""/>
 </row>
 <row id="200070" trl="Y">
  <value column="Name" original="Label Product Category">Label Kategori Produk</value>
  <value column="PrintName" original="Product Category">Kategori Produk</value>
  <value column="PrintNameSuffix" original=""/>
 </row>
 <row id="200071" trl="Y">
  <value column="Name" original="Label Part Type">Label Tipe Bagian</value>
  <value column="PrintName" original="Part Type">Tipe Bagian</value>
  <value column="PrintNameSuffix" original=""/>
 </row>
 <row id="200072" trl="Y">
  <value column="Name" original="Label Unit Of Measure">Label Satuan Ukuran</value>
  <value column="PrintName" original="Unit of Measure">Satuan Ukuran</value>
  <value column="PrintNameSuffix" original=""/>
 </row>
 <row id="200073" trl="Y">
  <value column="Name" original="Label Locator">Label Lokator</value>
  <value column="PrintName" original="Locator">Lokator</value>
  <value column="PrintNameSuffix" original=""/>
 </row>
 <row id="200074" trl="Y">
  <value column="Name" original="Label Standard Cost">Label Biaya Standar</value>
  <value column="PrintName" original="Standard Cost">Biaya Standar</value>
  <value column="PrintNameSuffix" original=""/>
 </row>
 <row id="200075" trl="Y">
  <value column="Name" original="Part Type">Tipe Bagian</value>
  <value column="PrintName" original=""/>
  <value column="PrintNameSuffix" original=""/>
 </row>
 <row id="200076" trl="Y">
  <value column="Name" original="Standard Cost">Biaya Standar</value>
  <value column="PrintName" original=""/>
  <value column="PrintNameSuffix" original=""/>
 </row>
 <row id="200077" trl="Y">
  <value column="Name" original="Label Bill of Materials">Label Daftar Bahan</value>
  <value column="PrintName" original="Bill of Materials">Daftar Bahan</value>
  <value column="PrintNameSuffix" original=""/>
 </row>
 <row id="200078" trl="Y">
  <value column="Name" original="Label Manufactured">Label Diproduksi</value>
  <value column="PrintName" original="Manufactured">Diproduksi</value>
  <value column="PrintNameSuffix" original=""/>
 </row>
 <row id="200079" trl="Y">
  <value column="Name" original="Label Purchased">Label Dibeli</value>
  <value column="PrintName" original="Purchased">Dibeli</value>
  <value column="PrintNameSuffix" original=""/>
 </row>
 <row id="200080" trl="Y">
  <value column="Name" original="Label Sold">Label Terjual</value>
  <value column="PrintName" original="Sold">Terjual</value>
  <value column="PrintNameSuffix" original=""/>
 </row>
 <row id="200081" trl="Y">
  <value column="Name" original="Label Kanban">Label Kanban</value>
  <value column="PrintName" original="Kanban Controlled">Dikontrol Kanban</value>
  <value column="PrintNameSuffix" original=""/>
 </row>
 <row id="200085" trl="Y">
  <value column="Name" original="Label BOM Verified">Label BOM Terverifikasi</value>
  <value column="PrintName" original="BOM Verified">BOM Terverifikasi</value>
  <value column="PrintNameSuffix" original=""/>
 </row>
 <row id="200153" trl="Y">
  <value column="Name" original="Master BOM">BOM Utama</value>
  <value column="PrintName" original="Master BOM">BOM Utama</value>
  <value column="PrintNameSuffix" original=""/>
 </row>
 <row id="200408" trl="Y">
  <value column="Name" original="Test Print Format for UUID Based Table">Format Cetak Uji untuk Tabel Berbasis UUID</value>
  <value column="PrintName" original=""/>
  <value column="PrintNameSuffix" original=""/>
 </row>
 <row id="200413" trl="Y">
  <value column="Name" original="Detail">Rincian</value>
  <value column="PrintName" original=""/>
  <value column="PrintNameSuffix" original=""/>
 </row>
</idempiereTrl>
