<?xml version="1.0" encoding="UTF-8" standalone="no"?>
<!--iDempiere(r) Release 13_2024-12-24 -Smart Suite ERP, CRM and SCM- (c) 1999-2025 iDempiere(r); Implementation: iDempiere - Supported by iDempiere community--><!--<!DOCTYPE idempiereTrl PUBLIC "-//ComPiere, Inc.//DTD iDempiere Translation 1.0//EN" "http://www.idempiere.com/dtd/idempiereTrl.dtd">--><idempiereTrl language="in_ID" table="AD_Workflow">
 <row id="101" trl="Y">
  <value column="Name" original="Project Setup and Use">Pengaturan Proyek dan Laporan</value>
  <value column="Description" original="Setup of projects and project reporting">Pengaturan proyek dan pelaporan proyek</value>
  <value column="Help" original="Projects allow to monitor the status and progress of sales opportunities, service projects and investment projects. A Project is a process that is undertaken which can involve multiple steps or phases and require resources from more than one area.">Proyek memungkinkan untuk memantau status dan kemajuan peluang penjualan, proyek layanan dan proyek investasi. Proyek adalah proses yang dilakukan yang dapat melibatkan beberapa langkah atau fase dan membutuhkan sumber daya dari lebih dari satu bidang.</value>
 </row>
 <row id="103" trl="Y">
  <value column="Name" original="Language Setup">Pengaturan Bahasa</value>
  <value column="Description" original="Setup a new Language of the system and translate elements">Setup a new Language of the system and translate elements</value>
  <value column="Help" original="Define a new language as a system language.">Define a new language as a system language.</value>
 </row>
 <row id="104" trl="Y">
  <value column="Name" original="Initial Tenant Setup Review">Ulasan sistem dari klien baru</value>
  <value column="Description" original="Review of system level setup of a new  Tenant">Tinjau pengaturan tingkat sistem Klien baru</value>
  <value column="Help" original="This workflow reviews the system setup of a new tenant as performed by the automatic Initial Tenant Setup.&#10;You may want to check also the following Workflows:&#10;- Accounting Setup&#10;- Business Partner Setup&#10;- Product Setup&#10;- Price list Setup&#10;- Warehouse Setup&#10;- Tax Setup">Alur kerja ini meninjau pengaturan sistem klien baru seperti yang dilakukan oleh Pengaturan Klien Awal otomatis.
Anda mungkin ingin memeriksa juga Alur kerja berikut:
- Pengaturan Akuntansi
- Pengaturan Mitra Bisnis
- Pengaturan Produk
- Pengaturan daftar harga
- Pengaturan Gudang
- Pengaturan Pajak</value>
 </row>
 <row id="105" trl="Y">
  <value column="Name" original="Accounting Setup">Pengaturan Akuntansi</value>
  <value column="Description" original="Review and change Accounting Setup">Tinjau dan ubah Pengaturan Akuntansi</value>
  <value column="Help" original="This workflow allows you to review and change your Accounting Rules. ">Alur kerja ini memungkinkan Anda untuk meninjau dan mengubah Aturan Akuntansi Anda.</value>
 </row>
 <row id="106" trl="Y">
  <value column="Name" original="Business Partner Setup">Pengaturan Rekan Bisnis</value>
  <value column="Description" original="Setup Business Partner Rules">Siapkan Aturan Mitra Bisnis</value>
  <value column="Help" original="This workflow defines the Business Partners and the supporting rules.">Alur kerja ini mendefinisikan Mitra Bisnis dan aturan pendukung.</value>
 </row>
 <row id="107" trl="Y">
  <value column="Name" original="Product Setup">Pengaturan Produk</value>
  <value column="Description" original="Set up Products">Siapkan Produk</value>
  <value column="Help" original="Define your products manually. You should verify the settings especially if you import your products.">Tentukan produk Anda secara manual. Anda harus memverifikasi pengaturan terutama jika Anda mengimpor produk Anda.</value>
 </row>
 <row id="108" trl="Y">
  <value column="Name" original="Price List Setup" xml:space="preserve"><![CDATA[Pengaturan Daftar Harga & Diskon]]></value>
  <value column="Description" original="Define your Price Lists and Discounts">Tentukan Daftar Harga dan Diskon Anda</value>
  <value column="Help" original="You define your price lists after entering or importing your products. In addition to price lists, you can define discounts for business partners.  Assign specific Price Lists and Discounst to Business Partners.">Anda menentukan daftar harga Anda setelah memasukkan atau mengimpor produk Anda. Selain daftar harga, Anda dapat menentukan diskon untuk mitra bisnis. Tetapkan Daftar Harga spesifik dan Discounst ke Mitra Bisnis.</value>
 </row>
 <row id="110" trl="Y">
  <value column="Name" original="Tax Setup">Pengaturan Pajak</value>
  <value column="Description" original="Setup tax calculation">Atur perhitungan pajak</value>
  <value column="Help" original="Setup the tax calculation for products, services and charges">Siapkan perhitungan pajak untuk produk, layanan, dan biaya</value>
 </row>
 <row id="111" trl="Y">
  <value column="Name" original="Sales Setup">Pengaturan Penjualan</value>
  <value column="Description" original="Setup Sales">Pengaturan Penjualan</value>
  <value column="Help" original="Setting up Sales Representatives, Commissions as well as Marketing Channels and Campaigns.">Menyiapkan Perwakilan Penjualan, Komisi serta Saluran Pemasaran dan Kampanye.</value>
 </row>
 <row id="112" trl="Y">
  <value column="Name" original="Performance Measurement Setup">Pengaturan Pengukuran Kinerja</value>
  <value column="Description" original="Setup your Performance Measurement">Siapkan Pengukuran Kinerja Anda</value>
  <value column="Help" original="This workflow guides you through setting up your performance measurement based on Key Performance Indicators, Balanced Scorecard, etc.&#10;&#10;Most important: Do your analysis first!&#10;- What are your goals and how do you measure it?&#10;&#10;When you are setting up the system, you do it in reverse:&#10;First you define how you measure it and last you define the goals for the measurements.&#10;You have three ways measuring performance:&#10;- via quantifiable measures (e.g. sales of $3 million in Q1)&#10;- via manual measures&#10;- via achievements (tasks)&#10;&#10;The system converts the measures into percentages (based on the target and achieved measure - or number of total and reached achievements)">Alur kerja ini memandu Anda melalui pengaturan pengukuran kinerja Anda berdasarkan Indikator Kinerja Utama, Balanced Scorecard, dll.

Paling penting: Lakukan analisis Anda terlebih dahulu!
- Apa tujuan Anda dan bagaimana Anda mengukurnya?

Ketika Anda mengatur sistem, Anda melakukannya secara terbalik:
Pertama, Anda menentukan bagaimana Anda mengukurnya dan terakhir Anda menentukan tujuan untuk pengukuran.
Anda memiliki tiga cara untuk mengukur kinerja:
- melalui tindakan terukur (mis. penjualan sebesar $ 3 juta pada Q1)
- melalui langkah-langkah manual
- melalui prestasi (tugas)

Sistem mengubah ukuran menjadi persentase (berdasarkan target dan ukuran yang dicapai - atau jumlah total dan pencapaian yang dicapai)</value>
 </row>
 <row id="113" trl="Y">
  <value column="Name" original="Request Setup">Pengaturan Permintaan</value>
  <value column="Description" original="Set up the tenant to process requests">Siapkan klien untuk memproses permintaan</value>
  <value column="Help" original=""/>
 </row>
 <row id="115" trl="Y">
  <value column="Name" original="Process_Requisition">Proses Permintaan</value>
  <value column="Description" original="(Standard Process_Requisition)">Contoh Alur Kerja dengan Persetujuan</value>
  <value column="Help" original=""/>
 </row>
 <row id="116" trl="Y">
  <value column="Name" original="Process_Order">Proses Order</value>
  <value column="Description" original="(Standard Process Order)">(Pesanan Proses Standar)</value>
  <value column="Help" original=""/>
 </row>
 <row id="117" trl="Y">
  <value column="Name" original="Process_Shipment">Proses Pengiriman</value>
  <value column="Description" original="(Standard Process Shipment)">(Pengiriman Proses Standar)</value>
  <value column="Help" original=""/>
 </row>
 <row id="118" trl="Y">
  <value column="Name" original="Process_Invoice">Proses Invoice</value>
  <value column="Description" original="(Standard Process Invoice)">(Faktur Proses Standar)</value>
  <value column="Help" original=""/>
 </row>
 <row id="120" trl="Y">
  <value column="Name" original="Process_Payment">Proses Pembayaran</value>
  <value column="Description" original="(Standard Process Payment)">(Pembayaran Proses Standar)</value>
  <value column="Help" original=""/>
 </row>
 <row id="121" trl="Y">
  <value column="Name" original="Process_Journal">Proses Jurnal</value>
  <value column="Description" original="(Standard Process Journal)">(Jurnal Proses Standar)</value>
  <value column="Help" original=""/>
 </row>
 <row id="122" trl="Y">
  <value column="Name" original="Process_JournalBatch">Proses Batch Jurnal</value>
  <value column="Description" original="(Standard Process Journal Batch)">(Proses Standar Jornal Batch)</value>
  <value column="Help" original=""/>
 </row>
 <row id="123" trl="Y">
  <value column="Name" original="Process_RMA">Proses RMA</value>
  <value column="Description" original="(Standard Process_RMA)">(Proses Standar_RMA)</value>
  <value column="Help" original=""/>
 </row>
 <row id="124" trl="Y">
  <value column="Name" original="Process_InOutConfirm">Proses Konfirmasi InOut</value>
  <value column="Description" original="(Standard Process Confirmation)">(Konfirmasi Proses Standar)</value>
  <value column="Help" original=""/>
 </row>
 <row id="125" trl="Y">
  <value column="Name" original="Process_Allocation">Proses Alokasi</value>
  <value column="Description" original="(Standard Process Allocation)">(Alokasi Proses Standar)</value>
  <value column="Help" original=""/>
 </row>
 <row id="126" trl="Y">
  <value column="Name" original="Process_TimeExpense">Proses Time Expense</value>
  <value column="Description" original="(Standard Process Time Expense)">(Biaya Waktu Proses Standar)</value>
  <value column="Help" original=""/>
 </row>
 <row id="127" trl="Y">
  <value column="Name" original="Process_Inventory">Proses Persediaan</value>
  <value column="Description" original="(Standard Process Inventory)">(Inventarisasi Proses Standar)</value>
  <value column="Help" original=""/>
 </row>
 <row id="128" trl="Y">
  <value column="Name" original="Process_Movement">Proses Pergerakan</value>
  <value column="Description" original="(Standard Process Movement)">(Gerakan Proses Standar)</value>
  <value column="Help" original=""/>
 </row>
 <row id="129" trl="Y">
  <value column="Name" original="Process_MovementConfirm">Proses Konfirmasi Pergerakan</value>
  <value column="Description" original="(Standard Process Movement Confirmation)">(Konfirmasi Gerakan Proses Standar)</value>
  <value column="Help" original=""/>
 </row>
 <row id="130" trl="Y">
  <value column="Name" original="Process_BankStatement">Proses Statemen Bank</value>
  <value column="Description" original="(Standard Process Bank Statement)">(Pernyataan Standar Proses Bank)</value>
  <value column="Help" original=""/>
 </row>
 <row id="50012" trl="Y">
  <value column="Name" original="Setup Replication">Pengaturan Replikasi</value>
  <value column="Description" original="Setup of data replication">Pengaturan replikasi data</value>
  <value column="Help" original="Data Replication allows you to synchronize data of remote instances with a central office.  All actions are initialized from the central office.&lt;p&gt;&#10;&lt;b&gt;Central System:&lt;/b&gt;&lt;br&gt;&#10;- setup system with all organizations, roles, etc.&lt;br&gt;&#10;- run the migration to make sure that it is up-to-date&lt;br&gt;&#10;- export the central system&lt;br&gt;&#10;&lt;p&gt;&#10;&lt;b&gt;Remote System:&lt;/b&gt;&#10;- install the exact version as Central System&lt;br&gt;&#10;- import data from Central System in the remote locations&lt;br&gt;&#10;&lt;p&gt;&#10;&lt;b&gt;Central System:&lt;/b&gt;&#10;- Replication Strategy&lt;br&gt;&#10;- Define Export Format&lt;br&gt;&#10;- Config Export Processor&lt;br&gt;&#10;- Start JMS Server&lt;br&gt;&#10;&lt;p&gt;&#10;** Enter Transactions **&#10;&lt;p&gt;&#10;&lt;b&gt;Remote System:&lt;/b&gt;&lt;br&gt;&#10;- Config Import Processor&lt;br&gt;">Replikasi Data memungkinkan Anda untuk menyinkronkan data instance jarak jauh dengan kantor pusat. Semua tindakan diinisialisasi dari kantor pusat.
Sistem pusat:
- sistem pengaturan dengan semua organisasi, peran, dll.
- jalankan migrasi untuk memastikan itu mutakhir
- mengekspor sistem pusat

Sistem Jarak Jauh:
- instal versi yang tepat sebagai Sistem Pusat
- Mengimpor data dari Sistem Pusat di lokasi terpencil

Sistem pusat:
- Strategi Replikasi
- Tentukan Format Ekspor
- Konfigurasi Prosesor Ekspor
- Mulai JMS Server

** Masukkan Transaksi **

Sistem Jarak Jauh:
- Konfigurasi Pengolah Impor</value>
 </row>
 <row id="50020" trl="Y">
  <value column="Name" original="Process_Asset_Adition">Proses Penambahan Aset</value>
  <value column="Description" original=""/>
  <value column="Help" original=""/>
 </row>
 <row id="50021" trl="Y">
  <value column="Name" original="Process_Asset_Disposed">Proses Pembuangan Aset</value>
  <value column="Description" original=""/>
  <value column="Help" original=""/>
 </row>
 <row id="50022" trl="Y">
  <value column="Name" original="Process_Asset_Transfer">Proses Transfer Aset</value>
  <value column="Description" original=""/>
  <value column="Help" original=""/>
 </row>
 <row id="50023" trl="Y">
  <value column="Name" original="Process_Asset_Reval">Proses Revaluasi Aset</value>
  <value column="Description" original=""/>
  <value column="Help" original=""/>
 </row>
 <row id="50024" trl="Y">
  <value column="Name" original="Process Asset Depreciation Entry">Proses Penyusutan Aset</value>
  <value column="Description" original=""/>
  <value column="Help" original=""/>
 </row>
 <row id="200002" trl="Y">
  <value column="Name" original="Process_Production">Proses Produksi</value>
  <value column="Description" original=""/>
  <value column="Help" original=""/>
 </row>
 <row id="200005" trl="Y">
  <value column="Name" original="Process_BankTransfer">Proses Transfer Bank</value>
  <value column="Description" original="(Standard Process_BankTransfer)">(Proses Transfer Bank Standar)</value>
  <value column="Help" original=""/>
 </row>
 <row id="200007" trl="Y">
  <value column="Name" original="Process_C_ProjectIssue">Proses Masalah Proyek</value>
  <value column="Description" original=""/>
  <value column="Help" original=""/>
 </row>
 <row id="200012" trl="Y">
  <value column="Name" original="Process_DepositBatch">Proses Batch Setoran</value>
  <value column="Description" original="(Standard Process Deposit Batch)">(Proses Batch Setoran Standar)</value>
  <value column="Help" original=""/>
 </row>
</idempiereTrl>
