<?xml version="1.0" encoding="UTF-8" standalone="no"?>
<!--iDempiere(r) Release 13_2024-12-24 -Smart Suite ERP, CRM and SCM- (c) 1999-2025 iDempiere(r); Implementation: iDempiere - Supported by iDempiere community--><!--<!DOCTYPE idempiereTrl PUBLIC "-//ComPiere, Inc.//DTD iDempiere Translation 1.0//EN" "http://www.idempiere.com/dtd/idempiereTrl.dtd">--><idempiereTrl language="in_ID" table="C_DocType">
 <row id="0" trl="Y">
  <value column="Name" original="** New **">** Baru **</value>
  <value column="PrintName" original="** New **">** Baru **</value>
  <value column="DocumentNote" original="** NO INVOICE **">** TIDAK ADA FAKTUR **</value>
 </row>
</idempiereTrl>
