<?xml version="1.0" encoding="UTF-8" standalone="no"?>
<!--iDempiere(r) Release 13_2024-12-24 -Smart Suite ERP, CRM and SCM- (c) 1999-2025 iDempiere(r); Implementation: iDempiere - Supported by iDempiere community--><!--<!DOCTYPE idempiereTrl PUBLIC "-//ComPiere, Inc.//DTD iDempiere Translation 1.0//EN" "http://www.idempiere.com/dtd/idempiereTrl.dtd">--><idempiereTrl language="in_ID" table="PA_ReportColumn">
 <row id="100" trl="Y">
  <value column="Name" original="Begin Year Balance">Saldo Awal Tahun</value>
  <value column="Description" original=""/>
 </row>
 <row id="101" trl="Y">
  <value column="Name" original="Period Activity">Aktivitas Periode</value>
  <value column="Description" original=""/>
 </row>
 <row id="102" trl="Y">
  <value column="Name" original="End Year Balance">Saldo Akhir Tahun</value>
  <value column="Description" original=""/>
 </row>
 <row id="103" trl="Y">
  <value column="Name" original="End Total Balance">Saldo Total Akhir</value>
  <value column="Description" original=""/>
 </row>
 <row id="104" trl="Y">
  <value column="Name" original="Begin Total Balance">Saldo Total Awal</value>
  <value column="Description" original=""/>
 </row>
 <row id="105" trl="Y">
  <value column="Name" original="Period Quantity">Kuantitas Periode</value>
  <value column="Description" original=""/>
 </row>
 <row id="106" trl="Y">
  <value column="Name" original="Budget YTD">Anggaran Tahun Berjalan</value>
  <value column="Description" original="Budget Year to Date">Anggaran Tahun Berjalan</value>
 </row>
 <row id="107" trl="Y">
  <value column="Name" original="Actual YTD">Aktual Tahun Berjalan</value>
  <value column="Description" original="Actual Year To Date">Aktual Tahun Berjalan</value>
 </row>
 <row id="108" trl="Y">
  <value column="Name" original="Commitment YTD">Komitmen Tahun Berjalan</value>
  <value column="Description" original="Commitment Year to Date">Komitmen Tahun Berjalan</value>
 </row>
 <row id="109" trl="Y">
  <value column="Name" original="Reservations YTD">Reservasi Tahun Berjalan</value>
  <value column="Description" original="Reservations Year to Date">Reservasi Tahun Berjalan</value>
 </row>
 <row id="110" trl="Y">
  <value column="Name" original="Budget Spent">Anggaran Terpakai</value>
  <value column="Description" original=""/>
 </row>
 <row id="111" trl="Y">
  <value column="Name" original="Budget Available">Anggaran Tersedia</value>
  <value column="Description" original=""/>
 </row>
</idempiereTrl>
