<?xml version="1.0" encoding="UTF-8" standalone="no"?>
<!--iDempiere(r) Release 13_2024-12-24 -Smart Suite ERP, CRM and SCM- (c) 1999-2025 iDempiere(r); Implementation: iDempiere - Supported by iDempiere community--><!--<!DOCTYPE idempiereTrl PUBLIC "-//ComPiere, Inc.//DTD iDempiere Translation 1.0//EN" "http://www.idempiere.com/dtd/idempiereTrl.dtd">--><idempiereTrl language="in_ID" table="R_MailText">
 <row id="200000" trl="Y">
  <value column="MailText" original="Dear @Name@,&#10;&#10;You are receiving this email because you (or somebody pretending to be you) said you have lost your iDempiere password.&#10;&#10;To access your iDempiere, use the temporary password from @AD_Client_ID&lt;Name&gt;@ below:&#10;@#NewPassword@&#10;&#10;Once you login, you will be directed to change password screen. Please change your password to something you can remember.&#10;&#10;Sincerely,&#10;The iDempiere Accounts Team&#10;&#10;Note: This email address cannot accept replies." xml:space="preserve"><![CDATA[Halo @Name@,

Anda menerima email ini karena Anda (atau seseorang yang berpura-pura menjadi Anda) mengatakan bahwa Anda telah kehilangan kata sandi iDempiere Anda.

Untuk mengakses iDempiere Anda, gunakan kata sandi sementara dari @AD_Client_ID<Name>@ di bawah ini:
@#NewPassword@

Setelah Anda masuk, Anda akan diarahkan ke layar perubahan kata sandi. Harap ubah kata sandi Anda menjadi sesuatu yang dapat Anda ingat.

Hormat kami,
Tim Akun iDempiere

Catatan: Alamat email ini tidak dapat menerima balasan.]]></value>
  <value column="Name" original="Reset Password">Atur Ulang Kata Sandi</value>
  <value column="MailHeader" original="iDempiere Reset Password ">Atur Ulang Kata Sandi iDempiere</value>
  <value column="MailText2" original=""/>
  <value column="MailText3" original=""/>
 </row>
 <row id="200001" trl="Y">
  <value column="MailText" original="&lt;p&gt;Hello @Name@,&lt;/p&gt;&#10;&#10;&lt;p&gt;The validation code for multi-factor authentication on iDempiere is: &lt;b&gt;@MFASecret@&lt;/b&gt;&lt;/p&gt;&#10;&#10;&lt;p&gt;This validation code expires in @MFA_Method_ID&lt;ExpireInMinutes&gt;@ minutes.&lt;/p&gt;" xml:space="preserve"><![CDATA[<p>Hello @Name@,</p>

<p>Kode validasi untuk otentikasi multi-faktor di iDempiere adalah: <b>@MFASecret@</b></p>

<p>Kode validasi ini akan kedaluwarsa dalam @MFA_Method_ID<ExpireInMinutes>@ menit.</p>]]></value>
  <value column="Name" original="MFA Validation Code">Kode Validasi MFA</value>
  <value column="MailHeader" original="MFA Validation Code for iDempiere">Kode Validasi MFA untuk iDempiere</value>
  <value column="MailText2" original=""/>
  <value column="MailText3" original=""/>
 </row>
</idempiereTrl>
